{"cameraMode":{"drawMode":0,"name":"Shaded","section":"Shading Mode"},"sceneLighting":true,"audioPlay":false,"sceneViewState":{"m_AlwaysRefresh":false,"showFog":true,"showSkybox":true,"showFlares":true,"showImageEffects":true,"showParticleSystems":true,"showVisualEffectGraphs":true,"m_FxEnabled":true},"in2DMode":false,"pivot":{"x":16.723533630371095,"y":35.84529495239258,"z":48.929996490478519},"rotation":{"x":0.2309531420469284,"y":-0.052509840577840808,"z":0.01248747855424881,"w":0.9714953303337097},"size":-2.3751254081726076,"orthographic":false}